therapy_type	metformin_response	group	index	sex	age	BMI	diabetic_heritage	ATM_rs11212617  	SLC22A1_rs628031  	SLC22A1_rs12208357 	SLC47A1_rs2289669 	SLC2A2_rs8192675  
monotherapy	no	SPB	1	1	38	35.3	1	AA	GA	CC	GG	AG
combined	yes	SPB	2	1	62	30.12	1	AA	GA	CC	AA	AA
combined	yes	SPB	3	1	66	31.22	1	AA	GA	CC	GG	AG
monotherapy	yes	SPB	4	1	37	38.3	1	AA	GA	CC	GG	AA
monotherapy	yes	SPB	5	1	33	31.1	1	CA	GG	CC	GG	AA
combined	yes	SPB	6	1	35	22.9	0	CC	GG	CC	GG	AA
combined	yes	SPB	7	1	34		1	AA	GA	CC	GG	AG
monotherapy	yes	SPB	8	1	78	32.2	1	CC	GA	CC	GG	AG
combined	yes	SPB	9	1	68	27.9	0	CA	GA	CC	GG	AG
combined	yes	SPB	10	1	79	33.2	0	CA	GG	CC	GA	AA
combined	yes	SPB	11	1	84	19.1	0	CA	AA	CC	GG	AA
combined	yes	SPB	12	1	84	27.9	0	CC	GG	CC	GG	AG
combined	no	SPB	13	0	74	29.1	1	AA	GA	CC	AA	AG
monotherapy	yes	SPB	14	0	80	28.4	0	AA	GG	CC	GG	GG
combined	yes	SPB	15	0	58	43.2	0	CC	GA	CC	GG	AG
combined	yes	SPB	16	0	73	33	0	CC	GA	CT	AA	AG
combined	no	SPB	17	0	78	27.1	1	CA	GG	CC	AA	AA
combined	yes	SPB	18	1	82	26.4	0	CC	GA	CC	GG	AA
combined	yes	SPB	19	1	73	40.6	1	CC	GG	CC	GG	GG
combined	yes	SPB	20	0	36	31.2	1	AA	GA	CC	AA	AA
		SPB	21	1	78	31.2	1	AA	GA	CC	GA	AG
		SPB	22	1	78	30.8	1	CA	GA	CC	AA	AA
		SPB	23	1	83	27	0	CA	AA	CT	GA	AA
		SPB	24	1	85	35.2	0	AA	GA	CC	AA	AG
monotherapy	yes	SPB	25	1	88	25.8	0	AA	GG	CC	GA	AG
monotherapy	yes	SPB	26	0	68	31.4	0	AA	GG	CC	GA	AA
monotherapy	no	SPB	27	0	64	48.6	0	AA	GG	CC	GG	AG
		SPB	28	0	49	33.21	0	CA	GG	CC	GG	AA
monotherapy	yes	SPB	29	0	64	31.1	1	CA	AA	CT	AA	AG
combined	no	SPB	30	1	57	44.4	1	CA	GA	CC	GG	AA
combined	no	SPB	31	0	73	29.1	0	CC	AA	CT	GG	AG
monotherapy	yes	SPB	32	1	67	22.5	0	AA	GA	CC	GG	AG
monotherapy	yes	SPB	33	1	75	28.8	0	CA	GA	CC	GG	AA
monotherapy	yes	SPB	34	1	67	28.4	1	CC	GG	CC	GA	GG
		SPB	35	1	67	52.1	1	CA	AA	CC	GA	AA
combined	yes	SPB	36	1	65	56.92	0	CC	GG	CC	GG	AA
		SPB	37	1	84	22.1	0	CC	GG	CC	GA	AA
combined	no	SPB	38	0	91	25.2	0	CA	GG	CC	GA	AA
		SPB	39	1	72	25.2	1	AA	GA	CC	AA	AG
		SPB	40	1	81	24	1	AA	GG	CC	GG	GG
monotherapy	yes	SPB	41	1	79	26.2	1	AA	GA	CT	AA	AG
		SPB	42	1	83	28.8	0	AA	GA	CC	GG	AA
		SPB	43	0	64	27.1	1	CA	GG	CC	AA	AA
combined	yes	SPB	44	1	76	32.5	0	AA	GG	CC	GA	AG
monotherapy	yes	SPB	45	1	70	26.7	1	CA	GA	CC	GA	AG
combined	yes	SPB	46	1	82	32.4	0	CC	AA	CC	GG	AA
monotherapy	yes	SPB	47	1	72	27.7	0	CC	GA	CC	GA	AG
		SPB	48	1	73	39.8	0	CA	GG	CC	GA	AA
combined	no	SPB	49	1	86	40.3	0	CA	AA	CT	GA	AA
		SPB	50	0	72	39.8	0	AA	GA	CT	GG	AA
monotherapy	no	SPB	51	0	69	31.2	0	CC	GG	CC	GG	AA
combined	yes	SPB	52	0	68	24.3	1	CA	AA	CT	GA	AG
monotherapy	yes	SPB	53	1	70	43.2	1	CA	GG	CC	AA	AG
combined	yes	SPB	54	0	58	35	1	AA	GA	CC	GG	AG
combined	yes	SPB	55	1	79	35	0	CA	-	CT	GG	-
monotherapy	yes	SPB	56	1	72	32	0	AA	GG	CC	GG	AG
		SPB	57	1	82	32.9	0	CA	GA	CC	GA	AA
monotherapy	yes	SPB	58	1	46	40	0	CA	GG	CC	GA	AA
monotherapy	yes	SPB	59	1	30	38.6	1	CA	GA	CT	GG	AA
		SPB	60	1	79	28.4	1	CC	GA	CC	GA	AG
monotherapy	yes	SPB	61	1	40	35.2	1	AA	GG	CC	GG	AA
		SPB	62	0	63	28.1	0	AA	GG	CC	GG	AA
combined	yes	SPB	63	1	76	31.6	0	CA	GA	CT	GG	GG
combined	yes	SPB	64	0	70	27	0	CA	GA	TT	GG	AG
monotherapy	yes	SPB	65	1	79	30.5	0	AA	GA	CT	GA	AA
combined	no	SPB	66	1	82	24.7	0	CA	GA	CC	AA	GG
combined	yes	SPB	67	0	60	41.6	0	AA	AA	CT	GG	AA
monotherapy	yes	SPB	68	0	54	30.19	1	CA	GA	CC	GG	AA
		SPB	69	0	67	33.8	0	AA	GA	CT	GA	AG
combined	no	SPB	70	0	58	39.5	1	CA	GG	CC	GA	AA
		SPB	71	1	91	21.5	0	CC	GA	CC	GG	AA
combined	no	SPB	72	0	74	27.5	0	CC	GA	CC	GA	AA
combined	no	SPB	73	1	68		1	CC	GA	CC	GG	AA
		SPB	74	1	52	36.3	0	CA	AA	CT	GG	AA
monotherapy	yes	SPB	75	0	70	24.3	0	CC	GA	CC	GG	GG
		SPB	76	1	76	28.7	0	CC	GG	CC	GG	AA
		SPB	77	0	69	40.4	1	AA	GA	CC	GG	AG
monotherapy	no	SPB	78	0	78	31	0	AA	GA	CC	GG	AG
		SPB	79	0	46	49.1	0	CC	GA	CT	GG	AA
		SPB	80	1	86	31.2	0	CA	AA	CT	GG	AG
		SPB	81	1	70	28.23	1	CA	GA	CC	AA	AA
		SPB	82	1	65	38.2	0	CA	GG	CC	GG	AA
		SPB	83	1	74	34.5	0	CA	GA	CC	GG	AG
combined	yes	SPB	84	1	72	27.4	0	CA	GA	CC	GG	GG
combined	yes	SPB	85	1	81	39.3	0	CA	GA	CC	GA	AA
monotherapy	no	SPB	86	1	73	32	1	CA	GA	CC	GG	AA
		SPB	87	0	69	28.1	0	CA	AA	CC	GG	AG
		SPB	88	0	54	34.3	1	AA	GA	CC	GA	AA
combined	yes	SPB	89	0	70	40.1	0	CA	GG	CC	GG	AG
		SPB	90	1	62	30.1	0	CA	AA	CC	GG	AA
		SPB	91	1	73	28.3	1	AA	GG	CC	GG	AA
combined	yes	SPB	92	0	71	36.7	0	CA	GG	CC	GA	AA
combined	no	SPB	93	1	80	36.1	0	CC	AA	TT	GA	AG
monotherapy	yes	SPB	94	1	80	34.6	1	CC	GA	CC	GA	AA
combined	no	SPB	95	0	65	33.3	0	CA	GA	CC	GG	AG
monotherapy	yes	SPB	96	0	87	24.8	0	CA	GG	CC	GA	AA
combined	no	SPB	97	0	62	35.5	0	CA	AA	CT	GG	AG
monotherapy	yes	SPB	98	1	70	27.5	0	CA	GA	CC	GA	AA
monotherapy	yes	SPB	99	1	74	34.1	0	CC	AA	CC	GG	GG
monotherapy	yes	SPB	100	1	32	35.2	1	CA	GA	CC	GG	AA
monotherapy	yes	SPB	101	1	80	29.3	0	CA	GA	CT	GG	AA
monotherapy	yes	SPB	102	1	80	29.1	1	CA	GA	CT	GG	AA
		SPB	103	1	65	30.5	0	CA	GG	CC	AA	AG
combined	yes	SPB	104	0	62	38.9	0	AA	GG	CC	GA	AG
		SPB	105	1	81	23.4	0	CA	GA	CC	GG	AA
combined	yes	SPB	106	1	82	24.6	1	CC	GG	CC	GG	AA
monotherapy	yes	SPB	107	0	74	24.7	1	AA	GG	CC	AA	AG
		SPB	108	1	70	31.1	0	AA	GA	CT	GG	AA
		SPB	109	1	66	29.4	0	CC	GG	CC	AA	AA
		SPB	110	1	85	32.7	1	CA	GA	CC	GA	AG
monotherapy	yes	SPB	111	0	82	24.5	0	AA	GG	CC	GG	AA
		SPB	112	1	71	25.28	0	AA	GG	CC	GG	AA
combined	yes	SPB	113	1	64	34.1	0	AA	GA	CC	GG	AA
combined	yes	SPB	114	1	74	34	1	CA	GA	CC	GG	AA
monotherapy	yes	SPB	115	0	72	40.1	0	AA	GG	CC	AA	AA
	no	SPB	116	1	85	33.7	0	CA	GA	CC	GG	AA
monotherapy	yes	SPB	117	1	85	31.2	1	AA	GA	CC	AA	AA
combined	no	SPB	118	1	25	33.5	0	CA	GA	CC	GG	AA
		SPB	119	1	71	30.04	1	CA	GA	CC	GG	AA
		SPB	120	1	63	22.9	1	CA	GG	CC	GG	GG
monotherapy	yes	SPB	121	1	85	30.9	0	AA	GA	CC	GG	AA
combined	yes	SPB	122	0	68	31.1	0	CA	AA	CT	GG	AA
		SPB	123	0	60	36.3	1	AA	GA	CC	GG	GG
monotherapy	yes	SPB	124	1	78	25	1	CC	AA	CC	GG	AG
combined	yes	SPB	125	0	82	25.8	1	CA	AA	TT	GG	AG
		SPB	126	1	95	32	0	AA	GA	CC	AA	AA
monotherapy	yes	SPB	127	0	67	29.1	0	AA	GG	CC	GG	AA
		SPB	128	1	83	26.3	1	AA	AA	CC	GG	AA
		SPB	129	1	65	31.2	0	AA	AA	CC	AA	AA
combined	no	SPB	130	1	59	33.6	1	CA	GA	CT	AA	AA
		SPB	131	0	83	38.1	0	CC	GA	CC	GA	AA
		SPB	132	1	38	38.2	0	CC	GG	CC	GA	AA
		SPB	133	1	35	37	0	AA	GA	CC	AA	AA
		SPB	134	1	39	24.1	0	AA	GG	CC	GA	AG
		SPB	135	1	36		1	AA	GA	CC	AA	AA
combined	no	SPB	136	1	37	29.3	1	CC	GA	CC	AA	AG
		SPB	137	1	25	29.2	0	AA	AA	CC	GG	AG
		SPB	138	1	35	16.1	1	AA	AA	CT	GG	AA
combined	yes	SPB	139	1	38	32	1	CA	GG	CC	GA	AA
combined	yes	SPB	140	1	29	32.1	1	CA	GG	CC	GG	AG
combined	yes	SPB	141	1	39	25.2	1	CA	GG	CC	GG	GG
combined	yes	SPB	142	1	34	40.6	1	CA	GA	CC	AA	AG
		SPB	143	1	37	37.2	1	CA	GG	CC	AA	AA
monotherapy	yes	PSKOV	1	1	65	41.6418798334325	0	CA	GG	CC	GG	AA
monotherapy	yes	PSKOV	2	1	45	34.2935528120713	0	CA	AA	CT	AA	GG
combined	yes	PSKOV	3	1	62	27.34375	0	CA	GG	CC	GG	AA
combined	yes	PSKOV	4	1	48	29.4075963718821	0	CC	GA	CC	GG	AG
monotherapy	yes	PSKOV	5	1	55	38.8559525717032	0	AA	GA	CC	GG	AA
monotherapy	yes	PSKOV	6	1	63	27.5133848899465	0	CC	GA	CC	GG	AG
monotherapy	yes	PSKOV	7	1	65	36.7901662049861	0	CA	GA	CT	GA	AA
combined	yes	PSKOV	8	1	56	38.6259040105194	1	CA	AA	CT	GA	AG
monotherapy	yes	PSKOV	9	1	63	40.8982748364069	1	CA	GA	CT	AA	AG
monotherapy	yes	PSKOV	10	1	57	31.044704374299	1	AA	GG	CC	GA	AA
monotherapy	yes	PSKOV	11	1	73	21.1072664359862	1	CC	GA	CC	GA	AG
		PSKOV	12	1	74	38.2956573468174	1	CA	GG	CC	AA	AA
monotherapy	yes	PSKOV	13	1	76	34.5473465140479	0	CA	GG	CC	GA	GG
monotherapy	yes	PSKOV	14	1	55	31.2314098750744	0	CA	GA	CC	GA	AA
monotherapy	yes	PSKOV	15	1	55	29.7441998810232	1	CA	GG	CC	GG	AA
		PSKOV	16	1	58	46.09375	0	CC	GG	CC	GG	GG
		PSKOV	17	0	56	36.8278143628476	0	AA	GG	CT	AA	AA
monotherapy	yes	PSKOV	18	1	51	30.4779662232421	1	CA	GA	CC	AA	AA
		PSKOV	19	1	69	28.3446712018141	0	CC	GA	CC	GG	AA
monotherapy	yes	PSKOV	20	1	61	38.9739229024943	0	AA	GA	CC	GG	AA
combined	yes	PSKOV	21	1	42	26.8135904499541	0	CC	GG	CC	GG	AA
monotherapy	yes	PSKOV	22	1	72	28.7639710716634	0	CA	GG	CC	AA	AA
monotherapy	yes	PSKOV	23	1	42	28.515625	0	AA	AA	CC	GG	AG
monotherapy	yes	PSKOV	24	1	67	43.5568704799474	0	CA	GA	CC	GG	AA
combined	no	PSKOV	25	1	69	33.8340273646639	0	CA	GA	TT	GG	AG
combined	no	PSKOV	26	1	60	45.9707950243375	0	CA	GA	CC	GG	GG
		PSKOV	27	0	62	33.9506172839506	0	CC	GA	CC	GG	AA
monotherapy	yes	PSKOV	28	1	74	26.6998932004272	0	CC	GA	CC	GG	AG
		PSKOV	29	0	49	28.0664238698253	0	CA	GA	CT	GG	AA
		PSKOV	30	1	79	30.8596073765616	0	CA	GA	CC	GG	AG
		PSKOV	31	0	66	41.0301729579598	0	CA	GA	CC	AA	AA
		PSKOV	32	1	69	45.703125	0	AA	AA	CC	GA	AA
monotherapy	yes	PSKOV	33	1	52	35.81771071483	0	CC	GG	CC	GA	AA
combined	yes	PSKOV	34	0	69	28.0248219851869	0	CC	GA	CC	GG	AA
combined	yes	PSKOV	35	1	70	43.9446366782007	0	CC	GA	CC	GA	AA
		PSKOV	36	1	63	46.875	1	AA	AA	CC	AA	AG
		PSKOV	37	1	52	41.8642402494767	0	AA	GA	CC	GG	AG
monotherapy	yes	PSKOV	38	1	57	25.6369171607114	0	CA	GA	CC	AA	AA
monotherapy	yes	PSKOV	39	1	54	29.3198564870182	1	CC	GA	CC	GG	AA
		PSKOV	40	0	60	28.3446712018141	0	CC	GA	CC	GG	AG
		PSKOV	41	1	57	42.9752066115703	0	AA	GA	CT	GG	AA
		PSKOV	42	0	68	23.8086901719128	0	AA	AA	CT	GA	GG
monotherapy	yes	PSKOV	43	1	56	26.3979773944081	1	CA	GA	CC	GA	AG
combined	yes	PSKOV	44	1	63	39.0625	1	CA	GG	CC	AA	AG
monotherapy	yes	PSKOV	45	0	30	40.5177668614866	0	AA	GG	CC	GG	AG
monotherapy	yes	PSKOV	46	1	40	23.7118446309609	0	CA	GA	CC	AA	AA
monotherapy	yes	PSKOV	47	1	48	40.4040404040404	1	CA	GA	CC	GG	AA
		PSKOV	48	0	52	27.4692816635161	1	CA	GA	CC	GG	GG
combined	yes	PSKOV	49	0	62	30.2162098298677	1	CA	GG	CC	AA	AA
combined	yes	PSKOV	50	0	42	21.2585034013605	0	CA	GG	CC	GA	AA
combined	no	PSKOV	51	0	50	34.6382394218997	0	CC	GG	CC	AA	AG
combined	yes	PSKOV	52	0	47	35.3415246399789	0	CC	GG	CC	AA	AA
combined	no	PSKOV	53	0	66	31.9602272727273	0	CA	GA	CC	GG	AG
combined	no	PSKOV	54	1	49	45.3514739229025	1	CC	GG	CC	GG	AA
combined	yes	PSKOV	56	1	55	36.328125	1	CC	GA	CC	GA	GG
monotherapy	yes	PSKOV	57	1	63	26.4462809917355	1	CC	GG	CC	GG	AA
combined	yes	PSKOV	58	1	57	27.5133848899465	0	CA	GG	CC	GG	AG
combined	yes	PSKOV	59	0	58	29.757785467128	1	AA	GG	CC	GG	GG
combined	yes	PSKOV	60	1	58	30.8444159589809	0	CA	GA	CC	GG	AG
combined	yes	PSKOV	61	0	63	24.441802087462	0	CC	GA	CC	GG	AA
monotherapy	yes	PSKOV	62	0	57	33.1397550814291	0	AA	GG	CC	GG	AG
		PSKOV	63	0	46	43.5551066784497	0	AA	AA	CC	AA	AG
		PSKOV	64	1	77	33.1213067861041	0	AA	GG	CC	GG	GG
combined	yes	PSKOV	65	1	54	41.522491349481	0	CA	GA	CC	GG	AG
monotherapy	yes	PSKOV	66	1	60	36.5234375	0	CA	GA	CC	GG	GG
combined	yes	PSKOV	67	1	54	35.9183673469388	1	CA	GA	CT	GG	AA
combined	no	PSKOV	68	1	71	26.4855397496689	0	CA	GG	CC	GG	AA
combined	yes	PSKOV	69	0	66	31.0476945435328	0	CC	GA	CC	GG	AG
monotherapy	yes	PSKOV	70	0	56	43.2098765432099	0	AA	GG	CC	GG	AG
		PSKOV	71	1	89	32.0461464508893	0	CA	GG	CC	GG	AA
		PSKOV	72	1	70	34.8898535437543	0	CA	GG	CC	GG	AA
		PSKOV	73	1	65	34.6666666666667	1	CA	GA	CC	GG	AA
combined	no	PSKOV	74	1	80	34.674592287761	0	CA	GG	CC	GG	AA
combined	yes	PSKOV	75	0	67	43.2098765432099	0	CA	GA	CC	GA	AA
monotherapy	yes	PSKOV	76	0	55	35.3218210361067	1	CA	GA	CC	GA	AA
combined	yes	PSKOV	77	0	42	38.0388841927303	0	AA	GA	CC	GA	GG
combined	yes	PSKOV	78	0	65	24.6913580246914	0	CA	GA	CC	AA	AA
		PSKOV	79	0	62	29.7265160523187	0	CA	GG	CC	GG	AG
		PSKOV	80	0	58	31.0204081632653	1	CA	GG	CC	GG	AG
monotherapy	yes	PSKOV	81	0	69	31.561671506123	0	CA	GA	CT	GG	AA
monotherapy	yes	PSKOV	82	1	52	32.9287190082645	0	CA	GA	CC	GA	AA
monotherapy	yes	PSKOV	83	0	60	27.681660899654	1	CA	AA	CC	AA	AA
combined	no	PSKOV	84	1	51	33.9125133363816	0	CA	GA	CC	GA	AA
combined	yes	PSKOV	85	1	60	30.116002379536	1	CA	GA	CC	GA	AA
monotherapy	yes	PSKOV	86	0	61	31.561671506123	1	AA	GG	CC	GA	AA
monotherapy	yes	PSKOV	87	1	52	32.421875	0	AA	GA	CC	AA	AA
		PSKOV	88	1	68	29.6665480004747	1	AA	GA	CC	AA	AG
combined	yes	PSKOV	89	1	79	25.9106843468983	1	CA	GG	CC	AA	AA
monotherapy	yes	PSKOV	90	1	58	25.9106843468983	1	AA	GG	CC	GG	AG
		PSKOV	91	1	38	27.6360544217687	0	CA	GA	CC	GG	GG
monotherapy	yes	PSKOV	92	1	64	30.0711684319556	0	CA	GA	CT	GA	GG
combined	yes	PSKOV	93	1	70	25.0657462195924	0	AA	GA	CC	GA	AA
monotherapy	yes	PSKOV	94	1	62	34.4841575723153	0	AA	GA	CC	GG	AG
monotherapy	yes	PSKOV	95	1	58	32.2707877657858	0	CC	GA	CC	GG	AG
monotherapy	yes	PSKOV	96	1	57	42.5170068027211	0	CA	GG	CC	GG	AG
monotherapy	yes	PSKOV	97	1	34	33.802055164954	1	AA	GG	CC	GG	AG
monotherapy	no	PSKOV	98	1	63	29.0005948839976	1	CA	GA	CC	GG	AA
monotherapy	yes	PSKOV	99	1	37	31.7739318550568	1	CA	AA	CC	GG	AA
monotherapy	yes	PSKOV	100	1	66	33.6592970521542	0	AA	GG	CC	GA	AA
		PSKOV	101	1	64	28.8415318058003	1	CA	GA	CC	GA	AA
monotherapy	yes	PSKOV	102	1	47	30.6938775510204	1	CA	GA	CC	GG	AG
monotherapy	yes	PSKOV	103	1	68	27.1415823914337	0	CA	GG	CC	GA	AG
combined	yes	PSKOV	104	1	72	43.0277170210477	0	AA	GA	CC	GG	AA
combined	no	PSKOV	105	1	45	29.4117647058824	0	CA	GA	CC	AA	AG
monotherapy	yes	PSKOV	106	0	62	36.2036141194095	1	CA	AA	CC	GG	AG
combined	no	PSKOV	107	0	29	23.6669101533966	1	CA	AA	CC	GG	AG
combined	yes	PSKOV	108	1	69	31.9559228650138	0	CA	GA	CC	GG	AA
combined	yes	PSKOV	109	0	51	45.2843859437266	0	CC	GG	CC	GA	AG
monotherapy	yes	PSKOV	110	1	62	40.7454648526077	1	CA	GA	CC	GA	AA
combined	no	PSKOV	111	1	74	30.7173999207293	0	AA	GG	CC	GG	AG
combined	yes	PSKOV	112	0	55	27.1267361111111	0	CC	GA	CC	GA	AG
combined	no	PSKOV	113	0	39	27.3356401384083	0	AA	GG	CC	GG	AG
monotherapy	no	PSKOV	114	1	68	37.890625	0	AA	GA	CC	AA	AG
monotherapy	yes	PSKOV	115	1	64	29.4117647058824	1	CC	GA	CC	GG	AA
monotherapy	yes	PSKOV	116	1	73	19.6641156462585	0	CA	GG	CC	GA	AA
monotherapy	yes	PSKOV	117	1	67	39.6825396825397	0	CA	GG	CC	GA	AA
monotherapy	yes	PSKOV	118	1	66	35.4820936639118	0	CA	GA	CC	GG	AA
		PSKOV	119	1	65	32.0073159579332	0	CA	GA	CC	GG	AA
combined	yes	PSKOV	120	1	67	32.4621959237344	0	CA	GA	CC	GG	AA
monotherapy	yes	PSKOV	121	1	65	33.4622248661511	1	CA	AA	CC	GG	AG
monotherapy	no	PSKOV	122	1	44	43.598615916955	0	CA	GG	CC	GA	AA
monotherapy	yes	PSKOV	123	1	60	38.7642893872869	0	CC	GA	CC	GG	AA
combined	yes	PSKOV	124	1	67	33.2621406813487	0	CA	AA	CC	GA	AA
monotherapy	yes	PSKOV	125	1	61	42.4489795918367	0	AA	GA	CC	AA	AA
monotherapy	yes	PSKOV	126	0	61	27.774423378819	0	CC	GA	CC	GG	AA
monotherapy	no	PSKOV	127	0	54	23.0300453514739	1	AA	GG	CC	GG	AG
		PSKOV	128	0	49	25.8264462809917	0	CA	GG	CC	AA	AG
		PSKOV	129	1	63	28.6287923854848	1	CA	GA	CC	GA	AA
combined	yes	PSKOV	130	0	67	27.681660899654	0	CA	AA	CC	GA	AA
		PSKOV	131	0	64	24.2214532871972	0	CA	GG	CC	GG	AA
monotherapy	yes	PSKOV	132	1	46	36.5230094959825	0	CC	GA	CC	GA	AG
		PSKOV	133	1	67	35.81771071483	0	CC	AA	CT	GA	AA
combined	no	PSKOV	134	0	43	32.368873034747	0	AA	GA	CT	GG	AA
combined	yes	PSKOV	135	1	59	26.346494034401	0	CA	GA	CC	AA	AA
combined	yes	PSKOV	136	0	57	30.0408163265306	0	CA	GA	CC	GA	AG
combined	no	PSKOV	137	1	79	27.4348422496571	0	CA	GA	CC	GG	AA
combined	no	PSKOV	138	1	61	35.9375	1	AA	GA	CC	GA	AA
monotherapy	yes	PSKOV	139	1	75	27.4076572777871	0	AA	AA	CT	GG	AA
monotherapy	yes	PSKOV	140	0	69	33.5743801652893	0	CC	GA	CC	GA	AA
combined	no	PSKOV	141	1	56	37.0242214532872	0	CA	GG	CC	GG	AG
monotherapy	yes	PSKOV	142	0	73	27.6360544217687	0	AA	GA	CC	GA	AA
combined	no	PSKOV	143	1	63	43.1153830940232	0	CA	GA	CT	GG	AG
combined	yes	PSKOV	144	1	67	21.2305720237141	0	CA	GG	CC	GA	AA
combined	yes	PSKOV	145	1	67	36.1604207758054	0	CA	GA	CC	GG	AA
combined	no	PSKOV	146	1	80	24.3823729785937	0	CA	GG	CC	AA	GG
combined	no	PSKOV	147	1	38	26.7299274950717	1	CC	AA	CT	GA	GG
		PSKOV	148	1	70	29.9375948726598	0	CA	GG	CC	GG	AA
		PSKOV	149	0	52	35.1112387883431	1	CC	GG	CC	GA	AA
combined	no	PSKOV	150	1	66	36.0519147572504	0	CA	GG	CC	AA	AG
		PSKOV	151	1	57	33.6592970521542	1	AA	GG	CC	GA	AA
		PSKOV	152	0	51	24.8163265306122	1	AA	GG	CC	GA	AA
combined	no	PSKOV	153	1	39	55.7703747769185	0	CC	GG	CC	GG	GG
combined	no	PSKOV	154	0	44	21.6049382716049	0	AA	GG	CC	GG	AA
		PSKOV	155	0	59	43.4158467840762	0	CA	GG	CC	GG	AG
		PSKOV	156	1	80	30.0432622977087	0	AA	GG	CC	AA	AG
monotherapy	yes	PSKOV	157	1	43	29.0612244897959	0	CA	GG	CC	GG	AA
		PSKOV	158	0	73	25.9454839595861	1	CC	AA	CT	GG	AG
monotherapy	yes	PSKOV	159	1	48	19.8140527358634	1	CA	GG	CC	GA	AA
combined	no	PSKOV	160	1	61	23.2254318478734	0	CC	GA	CT	GA	AA
combined	yes	PSKOV	161	1	60	33.59375	1	CC	GA	CC	GA	AG
		PSKOV	162	0	46	32.7441611814628	0	CA	GA	CC	AA	AG
		PSKOV	163	1	79	45.4379488011684	0	CC	GG	CC	AA	AG
combined	yes	PSKOV	164	1	63	36.3658777120316	1	AA	GG	CC	GA	AA
combined	no	PSKOV	165	1	58	33.3333333333333	0	CA	GG	CC	GA	AG
		PSKOV	166	1	66	40.8982748364069	0	CA	GA	CC	GG	AA
combined	yes	PSKOV	167	1	55	46.5100372764269	1	AA	AA	CC	GA	AG
monotherapy	yes	PSKOV	168	1	60	30.1102788964583	1	CA	GG	CC	GG	AA
combined	yes	PSKOV	169	1	64	37.3931623931624	1	CC	GA	CC	GG	AA
combined	no	PSKOV	170	1	72	39.0368178829717	1	CA	GG	CC	GG	AA
combined	yes	PSKOV	171	0	40	30.4218496484586	1	CA	GA	CC	GG	AA
combined	no	PSKOV	172	1	47	50.2972107910379	0	CA	GA	TT	GG	AA
combined	yes	PSKOV	173	1	51	43.598615916955	1	AA	GA	CT	GA	AA
combined	yes	PSKOV	174	1	54	44.412661372276	1	CA	GG	CC	GG	AA
combined	yes	PSKOV	175	0	49	45.6327744726879	0	CA	GA	CC	GG	AA
combined	yes	PSKOV	176	1	54	47.7502295684114	1	AA	AA	CC	GG	AG
combined	no	PSKOV	177	1	63	32.3468173706127	1	AA	GA	CC	GG	AA
combined	yes	PSKOV	178	1	54	35.4308390022676	0	CC	AA	CT	AA	AA
combined	yes	PSKOV	179	0	58	35.5113636363636	0	CA	GG	CC	GG	AA
		PSKOV	180	1	55	45.5166135639509	0	CA	GG	CC	GG	AA
combined	no	PSKOV	181	1	63	42.560553633218	0	AA	GG	CC	GG	AG
		PSKOV	182	0	40	37.6184125029924	1	CC	AA	CC	GG	GG
combined	no	PSKOV	183	1	63	38.8559525717032	0	AA	GA	CT	GG	AA
combined	no	PSKOV	184	1	67	35.9084846619473	0	CC	GA	CC	GG	AA
		PSKOV	185	0	51	36.9210775047259	1	CC	AA	CC	GG	GG
combined	no	PSKOV	186	0	64	36.4984155726573	0	CA	AA	CT	AA	AA
combined	yes	PSKOV	187	1	64	27.9421433267587	0	CA	GG	CC	AA	AG
combined	no	PSKOV	188	0	58	34.9480968858132	0	CA	GA	CT	GG	AG
monotherapy	yes	PSKOV	189	1	42	22.3081499107674	1	CA	GA	CC	GG	AA
monotherapy	yes	PSKOV	190	1	47	38.1639298343896	1	CA	GG	CC	AA	AA
combined	yes	PSKOV	191	1	80	22.9590876585494	0	CC	GG	CC	GA	AA
		PSKOV	192	0	55	27.5133848899465	0	AA	AA	CC	GA	AG
combined	yes	PSKOV	193	0	48	36.6731054561742	1	CA	AA	-	AA	AG
combined	yes	PSKOV	194	0	43	35.5113636363636	0	CC	GG	CC	GA	AG
combined	yes	PSKOV	195	1	54	31.6442857722423	1	AA	GA	CC	GG	AG
monotherapy	yes	PSKOV	196	1	56	39.4110648423557	0	CA	GA	CT	GA	AA
combined	no	PSKOV	197	1	61	30.0432622977087	1	CA	GA	CC	GA	AA
combined	yes	PSKOV	198	1	67	33.346480691312	0	CA	GA	CC	GA	AG
		PSKOV	199	1	76	22.5215080401784	0	CA	AA	CC	GA	AA
monotherapy	yes	PSKOV	200	0	59	36.8442401297999	1	CA	AA	CC	AA	AA
combined	yes	PSKOV	201	1	51	51.8637206948895	1	CA	GG	CC	GG	AA
combined	no	PSKOV	202	1	53	19.0311418685121	1	AA	GA	CC	GA	AA
monotherapy	yes	PSKOV	203	1	35	36.662703131193	0	CA	GA	CC	GG	AG
		PSKOV	204	1	62	33.2478769427976	0	CA	AA	CT	GA	AG
		PSKOV	205	1	44	31.6455696202532	1	CA	GA	CC	GA	AA
monotherapy	yes	PSKOV	206	1	71	30.9917355371901	0	CC	AA	CT	GA	AA
		PSKOV	207	1	69	32.0461464508893	0	CA	GG	CC	GA	AA
		PSKOV	208	1	82	39.0625	0	AA	GA	CT	GA	AA
monotherapy	yes	PSKOV	209	1	66	29.7210791037951	1	CA	GA	CT	GG	AA
		PSKOV	210	0	60	33.9100346020761	0	CA	AA	CC	GA	AA
		PSKOV	211	1	81	31.2025636700961	1	CA	AA	TT	GG	AG
combined	no	PSKOV	212	1	61	29.2421086364365	1	AA	GG	CC	AA	AG
		PSKOV	213	1	76	27.5312294543064	0	AA	GA	CC	GG	AA
combined	no	PSKOV	214	0	70	31.0735407130208	0	CC	GG	CC	AA	AA
		PSKOV	215	1	70	30.4831580551745	1	AA	GG	CC	AA	AA
combined	no	PSKOV	216	1	79	25.7116620752984	0	AA	GA	CC	GA	AA
		PSKOV	217	1	67	25.2595155709343	0	AA	AA	CT	AA	AG
combined	yes	PSKOV	218	1	68	36.8530684185227	1	AA	AA	CC	GA	AG
combined	no	PSKOV	219	1	70	39.6571062329755	0	AA	GA	CC	GA	AA
combined	yes	PSKOV	220	1	56	42.3854848304581	0	AA	GG	CC	GA	GG
		PSKOV	221	1	67	31.6455696202532	0	CA	GA	CC	GG	AA
		PSKOV	222	0	41	33.4640346133045	1	CA	AA	CC	GG	AG
combined	yes	PSKOV	223	0	37	28.2746843593404	1	CA	GG	CC	AA	AA
combined	no	PSKOV	224	1	65	37.6542220797949	0	AA	GG	CC	GG	AG
combined	yes	PSKOV	225	1	72	35.9375	0	AA	GG	CC	GG	AA
		PSKOV	226	0	54	27.681660899654	1	CC	GA	CT	GG	GG
monotherapy	yes	PSKOV	227	1	62	31.1418685121107	0	AA	GA	CC	GA	AG
		PSKOV	228	0	38	30.4577622502911	0	CA	GG	CC	GA	AA
combined	yes	PSKOV	229	0	60	29.320987654321	0	CA	GA	CC	GA	AA
combined	no	PSKOV	230	0	46	38.4168388429752	0	CA	GG	CC	AA	AA
combined	yes	PSKOV	231	0	52	30.0711684319556	1	CC	GA	CT	GG	AA
		PSKOV	232	1	64	28.12	1	CA	GA	CC	GA	AG
combined	yes	PSKOV	233	1	68	36.4366448542534	1	CA	GA	CT	GA	AG
combined	yes	PSKOV	234	0	52	27.0841590698903	0	CA	GA	CC	GG	AG
combined	no	PSKOV	235	0	62	29.9835879308168	0	AA	GG	CC	GA	AG
combined	yes	PSKOV	236	1	64	38.7642893872869	1	CA	AA	CC	GA	AA
combined	yes	PSKOV	237	1	73	29.7441998810232	0	AA	GG	CC	GG	AG
		PSKOV	238	1	78	38.8559525717032	0	AA	AA	CT	GG	AA
combined	yes	PSKOV	239	0	49	31.561671506123	1	CA	GA	CT	GA	AA
		PSKOV	240	0	50	23.0577256944444	0	CA	GG	CC	GG	AA
combined	no	PSKOV	241	1	70	20.4491374182035	0	AA	GA	CC	GG	AG
combined	yes	PSKOV	242	0	67	27.4598219447335	0	AA	GA	CC	GG	AA
		PSKOV	243	0	40	26.2965668371074	1	AA	GA	CC	GG	AG
		PSKOV	244	0	49	19.5682363337962	0	AA	GA	CT	GG	AA
		PSKOV	245	1	46	23.5303663434622	0	CC	GG	CC	GG	AA
monotherapy	yes	PSKOV	246	0	65	27.7634297520661	0	AA	GA	CC	GG	AA
combined	no	PSKOV	247	0	49	28.9050757312984	0	CA	GG	CC	GA	AG
		PSKOV	248	1	83	26.0374939913475	0	CC	GG	CC	GA	AG
		PSKOV	249	0	70	25.4511138436901	0	CA	GA	CC	GA	AA
combined	yes	PSKOV	250	1	56	32.368873034747	0	CA	GA	CC	GA	AA
		PSKOV	251	0	45	28.494741112949	0	CA	GA	CC	GG	AA
		PSKOV	252	0	62	33.802055164954	0	CC	GA	CC	AA	AA
combined	no	PSKOV	253	1	59	30.8539944903581	0	CA	GG	CC	AA	AG
monotherapy	yes	PSKOV	254	1	80	29.757785467128	0	AA	GA	CC	GA	AG
		PSKOV	255	0	50	21.4619366241636	0	CA	GG	CC	GA	AG
		PSKOV	256	1	40	21.6311488543503	0	CA	GG	CC	AA	AA
monotherapy	yes	PSKOV	257	1	65	47.7502295684114	0	CA	GG	CC	AA	AA
monotherapy	yes	PSKOV	258	1	40	25.6543723973825	0	AA	GG	CC	GA	AG
monotherapy	yes	PSKOV	259	1	54	28.8888888888889	0	AA	GA	CT	GG	AA
		PSKOV	260	1	44	36.71875	0	AA	GA	CC	AA	AG
combined	no	PSKOV	261	1	54	31.7082837891399	0	CA	GA	CC	GG	AA
combined	yes	PSKOV	262	1	54	32.6530612244898	0	CC	GG	CC	GA	AG
		PSKOV	263	1	72	26.5731292517007	0	CC	GA	CT	GG	AG
combined	no	PSKOV	264	0	51	20.7612456747405	0	CC	GG	CC	GA	AG
		PSKOV	265	1	72	37.109375	0	CA	GG	CC	AA	AA
combined	no	PSKOV	266	0	72	28.4055043555107	1	CC	GA	CC	AA	AG
		PSKOV	267	0	78	28.4090909090909	0	AA	GG	CC	GA	AG
combined	yes	PSKOV	268	1	54	34.6809353943718	1	CA	GG	CC	GA	AA
combined	yes	PSKOV	269	0	62	32.1929049362454	0	CA	GG	CC	AA	AG
		PSKOV	270	1	80	23.046875	0	CA	AA	TT	GA	AG
		PSKOV	271	1	56	25.6055363321799	0	CA	GG	CC	GA	AG
		PSKOV	272	1	51	27.1415823914337	1	CA	GG	CC	GA	AA
		PSKOV	273	1	56	23.1833910034602	1	CA	GG	CC	GA	AA
combined	no	PSKOV	274	0	55	23.2438016528926	0	CA	GG	CC	GA	AA
combined	no	PSKOV	275	1	62	28.3446712018141	0	CA	GG	CC	GG	AA
combined	yes	PSKOV	276	0	43	36.0184365556607	1	CC	GG	CC	GA	AA
		PSKOV	277	0	39	24.6755002704164	0	AA	GG	CC	AA	AG
		PSKOV	278	1	64	27.1415823914337	1	CC	GA	CT	GG	AG
		PSKOV	279	1	69	31.2314098750744	0	CA	GG	CC	GA	AG
combined	yes	PSKOV	280	0	57	25.8264462809917	0	CC	GG	CC	GA	AG
combined	yes	PSKOV	281	0	50	22.5981404958678	0	CC	GG	-	GG	AA
combined	no	PSKOV	282	1	42	29.7441998810232	0	CA	GA	CC	GG	AG
		PSKOV	283	0	41	33.9506172839506	0	AA	GG	CC	GA	AA
		PSKOV	284	0	39	18.9069010188719	0	CA	GG	CC	GG	AG
		PSKOV	285	0	55	25.013520822066	0	CC	GG	CC	GA	GG
		PSKOV	286	1	56	22.6757369614513	1	AA	GA	CC	GG	AA
		PSKOV	287	1	42	22.6757369614513	0	AA	AA	CC	GA	AA
		PSKOV	288	1	61	22.9931100785131	0	AA	GA	CC	GG	AG
		PSKOV	289	1	41	19.0519737844841	0	CC	GA	CT	AA	AA
combined	yes	PSKOV	290	1	54	29.7619047619048	0	CA	GA	CC	GG	AG
		PSKOV	291	0	53	17.2364263142775	0	CC	GA	CC	GG	AA
		PSKOV	292	0	76	28.9050757312984	0	AA	GG	CC	GA	AA
		PSKOV	293	1	65	26.9274376417234	0	CA	GG	CC	GG	GG
		PSKOV	294	1	67	22.3214285714286	0	CC	GA	CT	AA	AA
		PSKOV	295	1	40	20.4782666138195	0	CA	GA	CC	GA	GG
		PSKOV	296	1	39	17.96875	1	CA	GA	CC	GA	AG
		PSKOV	297	0	43	18.1940055539596	1	AA	GG	CC	GA	AA
		PSKOV	298	0	43	19.1515847936417	1	CA	GG	CC	GG	AA
		PSKOV	299	1	69	34.2935528120713	0	AA	GA	CC	GG	AA
		PSKOV	300	0	48	22.9853975121687	0	CC	GA	CC	GG	AA
		PSKOV	301	0	48	24.1632653061224	0	CC	GA	CC	GG	AG
		PSKOV	302	1	53	27.8851873884593	0	CA	GG	CC	AA	AA
		PSKOV	303	1	52	22.4913494809689	1	CA	GA	CC	AA	AA
		PSKOV	304	0	38	20.9572742022715	0	CA	GG	CC	GA	AG
combined	no	PSKOV	306	0	53	38.5802469135802	0	CA	GA	CC	GG	AG
		PSKOV	307	0	38	25.4326859558726	1	AA	GA	CC	GA	AG
monotherapy	yes	PSKOV	308	0	43	31.0204081632653	1	CA	GA	CT	GG	AA
		PSKOV	309	1	52	20.9041950113379	0	AA	AA	CT	GG	AA
combined	no	PSKOV	310	1	66	30.7306094182825	1	CA	GA	CC	GA	AA
combined	yes	PSKOV	311	1	79	34.9480968858132	0	CC	GG	CC	GG	AA
		PSKOV	312	0	59	24.4140625	1	AA	GG	CC	GA	AA
combined	no	PSKOV	313	0	45	28.734672057202	0	CA	GG	CC	GA	AG
		PSKOV	314	0	47	133.308984660336	0	CC	GG	CC	GA	AA
combined	no	PSKOV	315	1	45	21.09375	0	CC	AA	CC	GA	AG
		PSKOV	316	1	70	34.7222222222222	0	CC	GG	CC	GA	AG
combined	no	PSKOV	317	0	78	25.9515570934256	0	CC	GA	CC	GG	AG
		PSKOV	318	1	61	30.6689049586777	0	CA	GA	CC	GG	AA
		PSKOV	319	0	57	30.3503295178633	0	CA	GA	CC	GG	AA
